OBJECTID;REGION;DEPTO;GEOGRAPHIC;COD_DANE;TEXTO_AMENAZA;ACUMULADO_TRES;ACUMULADO_DIEZ;DIAS_LLUVIA;FECHA_EJECUCION;nivel_numero,
69;Pacifico;VALLE DEL CAUCA;Florida;76275;Baja;10.4;27.5;27;20/05/2020;1,
176;Pacifico;VALLE DEL CAUCA;Palmira;76520;Baja;5.5;26.1;28;20/05/2020;1,
799;Pacifico;VALLE DEL CAUCA;Yumbo;76892;Baja;13.5;23.7;26;20/05/2020;1,
619;Pacifico;VALLE DEL CAUCA;Vijes;76869;Baja;6.2;15.6;27;20/05/2020;1,
79;Pacifico;VALLE DEL CAUCA;El Cerrito;76248;Baja;5.1;22.2;30;20/05/2020;1,
836;Pacifico;VALLE DEL CAUCA;Dagua;76233;Baja;15.6;44.6;28;20/05/2020;1,
914;Pacifico;VALLE DEL CAUCA;Buenaventura;76109;Moderada;19.7;113.1;29;20/05/2020;2,
89;Pacifico;VALLE DEL CAUCA;Calima (El Darién);76126;Baja;9.5;50.6;29;20/05/2020;1,
171;Pacifico;VALLE DEL CAUCA;Buga;76111;Baja;4.7;28.6;30;20/05/2020;1,
1037;Pacifico;VALLE DEL CAUCA;San Pedro;76670;Baja;4.9;26.4;28;20/05/2020;1,
512;Pacifico;VALLE DEL CAUCA;Tuluá;76834;Baja;3.8;37;28;20/05/2020;1,
1021;Pacifico;VALLE DEL CAUCA;Bugalagrande;76113;Baja;3.5;32.1;28;20/05/2020;1,
178;Pacifico;VALLE DEL CAUCA;Sevilla;76736;Baja;4.8;38.4;30;20/05/2020;1,
824;Pacifico;VALLE DEL CAUCA;Bolívar;76100;Baja;3.3;11.4;27;20/05/2020;1,
1043;Pacifico;VALLE DEL CAUCA;La Unión;76400;Baja;7.6;18;26;20/05/2020;1,
1087;Pacifico;VALLE DEL CAUCA;Versalles;76863;Baja;7.9;18.9;26;20/05/2020;1,
576;Pacifico;VALLE DEL CAUCA;El Dovio;76250;Baja;6;16.3;26;20/05/2020;1,
753;Andina;TOLIMA;Planadas;73555;Baja;7.7;62.6;29;20/05/2020;1,
728;Andina;TOLIMA;Alpujarra;73024;Baja;8;51.2;28;20/05/2020;1,
858;Andina;TOLIMA;Rioblanco;73616;Moderada;4.7;69.8;29;20/05/2020;2,
313;Andina;TOLIMA;Ataco;73067;Moderada;2.9;90.7;28;20/05/2020;2,
40;Andina;TOLIMA;Natagaima;73483;Baja;4.1;79;28;20/05/2020;1,
421;Andina;TOLIMA;Dolores;73236;Baja;8.3;45.5;28;20/05/2020;1,
572;Andina;TOLIMA;Prado;73563;Baja;3;54.4;28;20/05/2020;1,
235;Andina;TOLIMA;Chaparral;73168;Baja;3.1;54.6;28;20/05/2020;1,
35;Andina;TOLIMA;Purificación;73585;Baja;3.9;54.9;28;20/05/2020;1,
537;Andina;TOLIMA;Villarrica;73873;Baja;5.1;48.4;28;20/05/2020;1,
473;Andina;TOLIMA;Suárez;73770;Baja;3;36.6;24;20/05/2020;1,
197;Andina;TOLIMA;Roncesvalles;73622;Baja;5.4;44.4;29;20/05/2020;1,
672;Andina;TOLIMA;San Antonio;73675;Baja;5.6;45.6;28;20/05/2020;1,
608;Andina;TOLIMA;Carmen De Apicalá;73148;Baja;1.5;53.9;24;20/05/2020;1,
784;Andina;TOLIMA;Ortega;73504;Baja;7;68.6;27;20/05/2020;1,
638;Andina;TOLIMA;Cunday;73226;Baja;2.8;53.4;28;20/05/2020;1,
198;Andina;TOLIMA;Rovira;73624;Baja;8.2;41.8;28;20/05/2020;1,
436;Andina;TOLIMA;Icononzo;73352;Baja;3.9;39.6;27;20/05/2020;1,
122;Andina;TOLIMA;Melgar;73449;Baja;2.8;24.9;24;20/05/2020;1,
741;Andina;TOLIMA;Cajamarca;73124;Baja;6.2;49.6;30;20/05/2020;1,
365;Andina;TOLIMA;Anzoátegui;73043;Baja;10.9;27.4;26;20/05/2020;1,
491;Andina;TOLIMA;Ibagué;73001;Baja;8;29.6;27;20/05/2020;1,
699;Andina;TOLIMA;Murillo;73461;Baja;16.9;32.6;28;20/05/2020;1,
966;Andina;TOLIMA;Lérida;73408;Baja;23.4;39;24;20/05/2020;1,
1;Andina;TOLIMA;Líbano;73411;Baja;15.4;36.4;26;20/05/2020;1,
559;Andina;TOLIMA;Armero (Guayabal);73055;Baja;32.1;49.3;24;20/05/2020;1,
848;Andina;TOLIMA;Villahermosa;73870;Baja;11.1;46.1;26;20/05/2020;1,
262;Andina;TOLIMA;Casabianca;73152;Baja;14.6;48;25;20/05/2020;1,
993;Andina;TOLIMA;Palocabildo;73520;Baja;23.6;49.5;23;20/05/2020;1,
758;Andina;TOLIMA;Falan;73270;Baja;26;53.3;23;20/05/2020;1,
469;Andina;TOLIMA;Herveo;73347;Baja;10.2;41;26;20/05/2020;1,
285;Andina;TOLIMA;Fresno;73283;Baja;18.3;50.8;24;20/05/2020;1,
731;Andina;SANTANDER;Aguada;68013;Moderada;30.2;133.2;28;20/05/2020;2,
615;Andina;SANTANDER;Albania;68020;Baja;7.3;37.7;27;20/05/2020;1,
493;Andina;SANTANDER;Barbosa;68077;Baja;8.4;54.8;27;20/05/2020;1,
736;Andina;SANTANDER;Bucaramanga;68001;Baja;4.1;32.9;21;20/05/2020;1,
397;Andina;SANTANDER;Carcasí;68152;Baja;4;27.4;27;20/05/2020;1,
241;Andina;SANTANDER;Cerrito;68162;Baja;2.7;15.9;25;20/05/2020;1,
1109;Andina;SANTANDER;Charalá;68167;Baja;10.4;99.2;28;20/05/2020;1,
386;Andina;SANTANDER;Charta;68169;Baja;2.7;30.3;22;20/05/2020;1,
905;Andina;SANTANDER;Chima;68176;Moderada;14.2;130.1;29;20/05/2020;2,
686;Andina;SANTANDER;Chipatá;68179;Baja;16.3;83.7;28;20/05/2020;1,
75;Andina;SANTANDER;Concepción;68207;Baja;3.3;19.9;26;20/05/2020;1,
928;Andina;SANTANDER;Confines;68209;Moderada;11.1;101.3;29;20/05/2020;2,
909;Andina;SANTANDER;Contratación;68211;Moderada;78;153.9;29;20/05/2020;2,
484;Andina;SANTANDER;Coromoro;68217;Baja;4.4;62.5;29;20/05/2020;1,
1024;Andina;SANTANDER;El Carmen;68235;Baja;5.8;93.4;28;20/05/2020;1,
701;Andina;SANTANDER;El Guacamayo;68245;Moderada;22.3;121.7;29;20/05/2020;2,
1078;Andina;SANTANDER;El Playón;68255;Baja;2.4;80.5;26;20/05/2020;1,
442;Andina;SANTANDER;Florián;68271;Baja;7.9;46.1;27;20/05/2020;1,
692;Andina;SANTANDER;Floridablanca;68276;Baja;6.1;28.1;22;20/05/2020;1,
1054;Andina;SANTANDER;Gámbita;68298;Moderada;6.4;50.1;28;20/05/2020;2,
936;Andina;SANTANDER;Girón;68307;Baja;3.4;52.1;23;20/05/2020;1,
657;Andina;SANTANDER;Guaca;68318;Baja;4.3;25;26;20/05/2020;1,
381;Andina;SANTANDER;Guadalupe;68320;Moderada;33.1;153.5;29;20/05/2020;2,
475;Andina;SANTANDER;Guapotá;68322;Moderada;17.2;126.5;29;20/05/2020;2,
975;Andina;SANTANDER;Guavatá;68324;Baja;9.4;51.4;27;20/05/2020;1,
322;Andina;SANTANDER;Güepsa;68327;Baja;10.2;59;28;20/05/2020;1,
327;Andina;SANTANDER;La Belleza;68377;Baja;10.1;49.9;27;20/05/2020;1,
709;Andina;SANTANDER;La Paz;68397;Moderada;18.1;104.4;28;20/05/2020;2,
554;Andina;SANTANDER;Landázuri;68385;Baja;9.7;87.7;29;20/05/2020;1,
320;Andina;SANTANDER;Lebrija;68406;Baja;4.8;66.1;24;20/05/2020;1,
219;Andina;SANTANDER;Macaravita;68425;Baja;2.3;20.6;29;20/05/2020;1,
654;Andina;SANTANDER;Málaga;68432;Baja;4.6;18.8;28;20/05/2020;1,
818;Andina;SANTANDER;Matanza;68444;Baja;1.9;41.3;23;20/05/2020;1,
456;Andina;SANTANDER;Mogotes;68464;Baja;3.8;49.6;27;20/05/2020;1,
14;Andina;SANTANDER;Oiba;68500;Moderada;20.9;126.8;29;20/05/2020;2,
707;Andina;SANTANDER;Onzaga;68502;Baja;2.6;31.4;29;20/05/2020;1,
1097;Andina;SANTANDER;Palmas Del Socorro;68524;Baja;8.5;93.7;29;20/05/2020;1,
964;Andina;SANTANDER;Piedecuesta;68547;Baja;6.8;28.1;22;20/05/2020;1,
951;Andina;SANTANDER;Puente Nacional;68572;Baja;7.1;42.3;27;20/05/2020;1,
264;Andina;SANTANDER;Rionegro;68615;Baja;12.3;88.2;27;20/05/2020;1,
6;Andina;SANTANDER;San Andrés;68669;Baja;5.2;24.8;27;20/05/2020;1,
981;Andina;SANTANDER;San Benito;68673;Moderada;18;90.6;28;20/05/2020;2,
826;Andina;SANTANDER;San Miguel;68686;Baja;3.3;23.7;28;20/05/2020;1,
45;Andina;SANTANDER;San Vicente De Chucurí;68689;Baja;4.5;63.1;26;20/05/2020;1,
523;Andina;SANTANDER;Santa Helena Del Opón;68720;Moderada;18;119.8;29;20/05/2020;2,
759;Andina;SANTANDER;Simacota;68745;Moderada;7.3;81.4;28;20/05/2020;2,
1123;Andina;SANTANDER;Suaita;68770;Moderada;15;122.3;28;20/05/2020;2,
157;Andina;SANTANDER;Sucre;68773;Baja;8.5;48.6;28;20/05/2020;1,
566;Andina;SANTANDER;Suratá;68780;Baja;1.1;34.1;22;20/05/2020;1,
82;Andina;SANTANDER;Tona;68820;Baja;4;25.6;24;20/05/2020;1,
1051;Andina;SANTANDER;Valle De San José;68855;Baja;4.7;44.5;29;20/05/2020;1,
288;Andina;SANTANDER;Vélez;68861;Baja;11.3;78.5;28;20/05/2020;1,
935;Andina;RISARALDA;Santa Rosa De Cabal;66682;Baja;12.4;63.5;29;20/05/2020;1,
750;Andina;RISARALDA;Santuario;66687;Baja;18.1;88.1;30;20/05/2020;1,
992;Andina;RISARALDA;Belén De Umbría;66088;Baja;16.3;87.6;30;20/05/2020;1,
855;Andina;RISARALDA;Apía;66045;Moderada;18.7;90.6;30;20/05/2020;2,
403;Andina;RISARALDA;Mistrató;66456;Baja;13.3;79.1;30;20/05/2020;1,
420;Andina;RISARALDA;Pueblo Rico;66572;Moderada;23.9;121.1;30;20/05/2020;2,
290;Andina;QUINDÍO;Buenavista;63111;Moderada;4.7;70;30;20/05/2020;2,
901;Andina;QUINDÍO;Calarcá;63130;Moderada;4.3;61.9;29;20/05/2020;2,
1030;Andina;QUINDÍO;Córdoba;63212;Moderada;71;96.3;30;20/05/2020;2,
483;Andina;QUINDÍO;Pijao;63548;Moderada;3.8;38.7;30;20/05/2020;2,
391;Andina;QUINDÍO;Salento;63690;Baja;6.8;59;29;20/05/2020;1,
412;Amazonia;PUTUMAYO;Mocoa;86001;Alta;101;134.5;28;20/05/2020;2,
700;Amazonia;PUTUMAYO;Orito;86320;Moderada;19.3;139.7;28;20/05/2020;2,
771;Amazonia;PUTUMAYO;San Francisco;86755;Moderada;84;106.7;28;20/05/2020;2,
490;Amazonia;PUTUMAYO;Santiago;86760;Baja;17.6;57.2;29;20/05/2020;1,
351;Amazonia;PUTUMAYO;Villagarzón;86885;Moderada;23.8;149.2;28;20/05/2020;2,
224;Andina;NORTE DE SANTANDER;Ábrego;54003;Baja;6.3;75.4;26;20/05/2020;1,
560;Andina;NORTE DE SANTANDER;Arboledas;54051;Baja;0.1;31.5;19;20/05/2020;1,
883;Andina;NORTE DE SANTANDER;Cáchira;54128;Baja;2.3;67.5;26;20/05/2020;1,
940;Andina;NORTE DE SANTANDER;Cácota;54125;Baja;2.7;16.6;26;20/05/2020;1,
91;Andina;NORTE DE SANTANDER;Chitagá;54174;Baja;5.5;42.7;26;20/05/2020;1,
1111;Andina;NORTE DE SANTANDER;Convención;54206;Baja;1.6;58.1;24;20/05/2020;1,
319;Andina;NORTE DE SANTANDER;Cucutilla;54223;Baja;0.2;11.9;23;20/05/2020;1,
309;Andina;NORTE DE SANTANDER;El Carmen;54245;Baja;0.7;65.5;23;20/05/2020;1,
516;Andina;NORTE DE SANTANDER;El Tarra;54250;Baja;3.5;50.7;26;20/05/2020;1,
1091;Andina;NORTE DE SANTANDER;El Zulia;54261;Baja;1.2;28.7;19;20/05/2020;1,
1070;Andina;NORTE DE SANTANDER;Hacarí;54344;Baja;3.2;44.4;25;20/05/2020;1,
931;Andina;NORTE DE SANTANDER;Labateca;54377;Baja;8.6;38.9;26;20/05/2020;1,
502;Andina;NORTE DE SANTANDER;Lourdes;54418;Baja;1.3;50;21;20/05/2020;1,
896;Andina;NORTE DE SANTANDER;Ocaña;54498;Baja;0.9;39.6;26;20/05/2020;1,
555;Andina;NORTE DE SANTANDER;Pamplona;54518;Baja;1;11.2;26;20/05/2020;1,
428;Andina;NORTE DE SANTANDER;Salazar;54660;Baja;0.5;50.8;17;20/05/2020;1,
168;Andina;NORTE DE SANTANDER;San Calixto;54670;Baja;2.9;40.1;26;20/05/2020;1,
357;Andina;NORTE DE SANTANDER;Silos;54743;Baja;2.1;15;25;20/05/2020;1,
865;Andina;NORTE DE SANTANDER;Teorama;54800;Baja;2.6;53.3;25;20/05/2020;1,
268;Andina;NORTE DE SANTANDER;Toledo;54820;Moderada;80;66.1;27;20/05/2020;2,
739;Pacifico;NARIÑO;Albán (San José);52019;Baja;7.6;65.3;30;20/05/2020;1,
534;Pacifico;NARIÑO;Barbacoas;52079;Muy Alta;232;297.6;30;20/05/2020;3,
123;Pacifico;NARIÑO;Buesaco;52110;Baja;13.4;65.3;30;20/05/2020;1,
844;Pacifico;NARIÑO;Cumbal;52227;Moderada;11.4;69.3;30;20/05/2020;2,
498;Pacifico;NARIÑO;Cumbitara;52233;Baja;10.1;53.1;29;20/05/2020;1,
208;Pacifico;NARIÑO;El Charco;52250;Baja;27.6;179;29;20/05/2020;1,
513;Pacifico;NARIÑO;Francisco Pizarro (Salahonda);52520;Alta;39.2;364.9;30;20/05/2020;2,
809;Pacifico;NARIÑO;Ipiales;52356;Moderada;22.7;97.4;30;20/05/2020;2,
704;Pacifico;NARIÑO;La Llanada;52385;Moderada;14.2;80.5;30;20/05/2020;2,
514;Pacifico;NARIÑO;Linares;52411;Baja;10.1;42.1;30;20/05/2020;1,
577;Pacifico;NARIÑO;Los Andes (Sotomayor);52418;Alta;14.2;84.5;30;20/05/2020;2,
617;Pacifico;NARIÑO;Magüí (Payán);52427;Moderada;27.2;244.8;30;20/05/2020;2,
822;Pacifico;NARIÑO;Mallama (Piedrancha);52435;Moderada;14.8;77.2;30;20/05/2020;2,
193;Pacifico;NARIÑO;Ricaurte;52612;Alta;22.6;206.4;30;20/05/2020;2,
276;Pacifico;NARIÑO;Roberto Payán (San José);52621;Alta;33.7;318.4;30;20/05/2020;2,
286;Pacifico;NARIÑO;Samaniego;52678;Moderada;12.5;58.3;30;20/05/2020;2,
129;Pacifico;NARIÑO;San Bernardo;52685;Baja;6.5;62.1;30;20/05/2020;1,
757;Pacifico;NARIÑO;San Pedro De Cartago (Cartago);52694;Baja;7.6;61;30;20/05/2020;1,
379;Pacifico;NARIÑO;Santa Bárbara (Iscuandé);52696;Baja;33.3;189.5;30;20/05/2020;1,
569;Pacifico;NARIÑO;Santa Cruz (Guachavés);52699;Baja;15.6;62.2;30;20/05/2020;1,
647;Pacifico;NARIÑO;Tumaco;52835;Alta;38.5;281;30;20/05/2020;2,
234;Orinoquia;META;Acacías;50006;Alta;92;154.9;29;20/05/2020;2,
995;Orinoquia;META;Barranca De Upía;50110;Moderada;16.4;113.3;29;20/05/2020;2,
437;Orinoquia;META;Cubarral;50223;Alta;94;156.9;29;20/05/2020;2,
103;Orinoquia;META;Cumaral;50226;Moderada;43;139.5;29;20/05/2020;2,
884;Orinoquia;META;El Calvario;50245;Moderada;34;102.6;30;20/05/2020;2,
749;Orinoquia;META;El Castillo;50251;Alta;91.4;222.9;29;20/05/2020;2,
842;Orinoquia;META;El Dorado;50270;Alta;111;194.9;29;20/05/2020;2,
295;Orinoquia;META;Guamal;50318;Alta;41;131.2;29;20/05/2020;2,
660;Orinoquia;META;La Macarena;50350;Alta;75;108.2;29;20/05/2020;2,
244;Orinoquia;META;Lejanías;50400;Alta;91.9;222.2;29;20/05/2020;2,
440;Orinoquia;META;Mesetas;50330;Alta;105;206.4;28;20/05/2020;2,
142;Orinoquia;META;Restrepo;50606;Alta;39.3;130.3;30;20/05/2020;2,
153;Orinoquia;META;San Juan De Arama;50683;Alta;124;238.4;29;20/05/2020;2,
496;Orinoquia;META;San Juanito;50686;Baja;30.7;97.7;30;20/05/2020;1,
183;Orinoquia;META;Uribe;50370;Alta;34.3;101;29;20/05/2020;2,
87;Orinoquia;META;Villavicencio;50001;Alta;119;143.6;29;20/05/2020;2,
1026;Orinoquia;META;Vistahermosa;50711;Alta;140;215.8;28;20/05/2020;2,
77;Caribe;MAGDALENA;Fundación;47288;Baja;7;63.8;23;20/05/2020;1,
520;Caribe;MAGDALENA;Zona Bananera;47980;Moderada;31.1;84.3;19;20/05/2020;2,
942;Caribe;MAGDALENA;Ciénaga;47189;Moderada;33.9;76.6;21;20/05/2020;2,
396;Caribe;MAGDALENA;Santa Marta;47001;Baja;9.2;26.7;20;20/05/2020;1,
635;Caribe;LA GUAJIRA;La Jagua Del Pilar;44420;Baja;2.5;23;24;20/05/2020;1,
1076;Caribe;LA GUAJIRA;Villanueva;44874;Baja;1;8.6;24;20/05/2020;1,
969;Caribe;LA GUAJIRA;El Molino;44110;Baja;3.4;16.5;23;20/05/2020;1,
782;Caribe;LA GUAJIRA;Fonseca;44279;Baja;20.9;32.8;22;20/05/2020;1,
604;Caribe;LA GUAJIRA;San Juan Del Cesar;44650;Baja;5.7;21.6;24;20/05/2020;1,
675;Caribe;LA GUAJIRA;Dibulla;44090;Baja;12;30.5;22;20/05/2020;1,
407;Andina;HUILA;San Agustín;41668;Baja;7.1;47.1;28;20/05/2020;1,
200;Andina;HUILA;Pitalito;41551;Baja;7.8;51.9;28;20/05/2020;1,
360;Andina;HUILA;Suaza;41770;Baja;2.7;35.9;27;20/05/2020;1,
802;Andina;HUILA;Guadalupe;41319;Baja;3.2;37.1;28;20/05/2020;1,
212;Andina;HUILA;Saladoblanco;41660;Baja;6.3;45.7;28;20/05/2020;1,
258;Andina;HUILA;Altamira;41026;Baja;2.7;31;28;20/05/2020;1,
119;Andina;HUILA;Tarqui;41791;Baja;4.1;40.5;28;20/05/2020;1,
890;Andina;HUILA;La Plata;41396;Baja;3.9;44.1;27;20/05/2020;1,
792;Andina;HUILA;Neiva;41001;Baja;5.5;48.8;27;20/05/2020;1,
998;Andina;HUILA;Santa María;41676;Baja;3.7;45.6;29;20/05/2020;1,
696;Andina;HUILA;Aipe;41016;Baja;3.7;50.1;27;20/05/2020;1,
586;Andina;HUILA;Colombia;41206;Baja;9.8;40.4;28;20/05/2020;1,
849;Andina;CUNDINAMARCA;Agua De Dios;25001;Baja;2.9;20.8;25;20/05/2020;1,
651;Andina;CUNDINAMARCA;Albán;25019;Baja;1.7;24.1;24;20/05/2020;1,
595;Andina;CUNDINAMARCA;Anapoima;25035;Baja;4.5;23.9;28;20/05/2020;1,
1108;Andina;CUNDINAMARCA;Anolaima;25040;Baja;2;22.3;24;20/05/2020;1,
90;Andina;CUNDINAMARCA;Apulo;25599;Baja;3.2;14.6;27;20/05/2020;1,
427;Andina;CUNDINAMARCA;Arbeláez;25053;Baja;5.8;31.8;30;20/05/2020;1,
415;Andina;CUNDINAMARCA;Beltrán;25086;Baja;12.9;27.3;24;20/05/2020;1,
356;Andina;CUNDINAMARCA;Bituima;25095;Baja;3.8;28.2;24;20/05/2020;1,
115;Andina;CUNDINAMARCA;Bogotá, D.c.;11001;Baja;10.6;27.9;29;20/05/2020;1
949;Andina;CUNDINAMARCA;Bojacá;25099;Baja;4.6;28.6;28;20/05/2020;1,
64;Andina;CUNDINAMARCA;Cabrera;25120;Baja;8.4;36.2;29;20/05/2020;1,
715;Andina;CUNDINAMARCA;Cachipay;25123;Baja;3.1;23;26;20/05/2020;1,
301;Andina;CUNDINAMARCA;Caparrapí;25148;Baja;12.2;34;26;20/05/2020;1,
505;Andina;CUNDINAMARCA;Cáqueza;25151;Baja;17.3;41.6;30;20/05/2020;1,
1045;Andina;CUNDINAMARCA;Carmen De Carupa;25154;Baja;2;24.1;29;20/05/2020;1,
1041;Andina;CUNDINAMARCA;Chaguaní;25168;Baja;6.6;38;24;20/05/2020;1,
649;Andina;CUNDINAMARCA;Chipaque;25178;Baja;11.7;25.2;28;20/05/2020;1,
623;Andina;CUNDINAMARCA;Choachí;25181;Baja;11.8;30.6;27;20/05/2020;1,
474;Andina;CUNDINAMARCA;Chocontá;25183;Baja;5.7;28.4;27;20/05/2020;1,
237;Andina;CUNDINAMARCA;Cogua;25200;Baja;3.9;20.5;28;20/05/2020;1,
227;Andina;CUNDINAMARCA;Cucunubá;25224;Baja;3.2;20;27;20/05/2020;1,
304;Andina;CUNDINAMARCA;El Colegio;25245;Baja;3.2;21.5;29;20/05/2020;1,
927;Andina;CUNDINAMARCA;El Peñón;25258;Baja;3.6;35.1;26;20/05/2020;1,
685;Andina;CUNDINAMARCA;El Rosal;25260;Baja;4;17.4;24;20/05/2020;1,
979;Andina;CUNDINAMARCA;Facatativá;25269;Baja;4.3;18.3;25;20/05/2020;1,
291;Andina;CUNDINAMARCA;Fusagasugá;25290;Baja;5.4;32.4;30;20/05/2020;1,
1068;Andina;CUNDINAMARCA;Gachalá;25293;Baja;27;102.2;29;20/05/2020;1,
72;Andina;CUNDINAMARCA;Gachetá;25297;Baja;18;70.1;28;20/05/2020;1,
706;Andina;CUNDINAMARCA;Gama;25299;Baja;27.2;96;29;20/05/2020;1,
15;Andina;CUNDINAMARCA;Granada;25312;Baja;4.5;25.3;28;20/05/2020;1,
847;Andina;CUNDINAMARCA;Guaduas;25320;Baja;10.5;28.6;26;20/05/2020;1,
594;Andina;CUNDINAMARCA;Guatavita;25326;Baja;9;37.7;28;20/05/2020;1,
667;Andina;CUNDINAMARCA;Guayabal De Síquima;25328;Baja;1.2;27.8;24;20/05/2020;1,
885;Andina;CUNDINAMARCA;Guayabetal;25335;Moderada;70;109.3;30;20/05/2020;2,
716;Andina;CUNDINAMARCA;Gutiérrez;25339;Baja;25.4;68;30;20/05/2020;1,
1059;Andina;CUNDINAMARCA;Junín;25372;Baja;18.1;60;28;20/05/2020;1,
543;Andina;CUNDINAMARCA;La Calera;25377;Baja;5.3;17.2;27;20/05/2020;1,
1052;Andina;CUNDINAMARCA;La Mesa;25386;Baja;3.9;23.2;28;20/05/2020;1,
830;Andina;CUNDINAMARCA;La Palma;25394;Baja;7.1;35;26;20/05/2020;1,
530;Andina;CUNDINAMARCA;La Peña;25398;Baja;2.1;19.5;27;20/05/2020;1,
875;Andina;CUNDINAMARCA;La Vega;25402;Baja;2.1;30.2;24;20/05/2020;1,
296;Andina;CUNDINAMARCA;Lenguazaque;25407;Baja;1;5.6;27;20/05/2020;1,
1017;Andina;CUNDINAMARCA;Machetá;25426;Baja;7.1;38.8;28;20/05/2020;1,
760;Andina;CUNDINAMARCA;Manta;25436;Baja;10;53.8;28;20/05/2020;1,
1002;Andina;CUNDINAMARCA;Medina;25438;Moderada;29.7;117.9;29;20/05/2020;2,
857;Andina;CUNDINAMARCA;Nilo;25488;Baja;3.4;26.3;25;20/05/2020;1,
261;Andina;CUNDINAMARCA;Nimaima;25489;Baja;2.1;26.1;26;20/05/2020;1,
1010;Andina;CUNDINAMARCA;Nocaima;25491;Baja;1.2;29.5;26;20/05/2020;1,
578;Andina;CUNDINAMARCA;Pacho;25513;Baja;2.6;26.7;28;20/05/2020;1,
579;Andina;CUNDINAMARCA;Paime;25518;Moderada;10.3;49.4;27;20/05/2020;2,
895;Andina;CUNDINAMARCA;Pandi;25524;Baja;2.7;32.5;28;20/05/2020;1,
899;Andina;CUNDINAMARCA;Paratebueno;25530;Moderada;27.4;123.7;29;20/05/2020;2,
587;Andina;CUNDINAMARCA;Pasca;25535;Baja;7.8;27.2;30;20/05/2020;1,
777;Andina;CUNDINAMARCA;Quebradanegra;25592;Baja;2.1;23.4;24;20/05/2020;1,
600;Andina;CUNDINAMARCA;Quetame;25594;Baja;25.9;69.9;30;20/05/2020;1,
920;Andina;CUNDINAMARCA;Quipile;25596;Baja;4;21.6;26;20/05/2020;1,
233;Andina;CUNDINAMARCA;Ricaurte;25612;Baja;2.3;19.3;25;20/05/2020;1,
509;Andina;CUNDINAMARCA;San Antonio De  Tequendama;25645;Baja;4.5;25.9;28;20/05/2020;1,
221;Andina;CUNDINAMARCA;San Bernardo;25649;Baja;7.2;29.1;29;20/05/2020;1,
371;Andina;CUNDINAMARCA;San Cayetano;25653;Moderada;4.5;42.8;28;20/05/2020;2,
954;Andina;CUNDINAMARCA;San Francisco;25658;Baja;3;28.1;22;20/05/2020;1,
199;Andina;CUNDINAMARCA;San Juan De Rioseco;25662;Baja;10.6;32.2;24;20/05/2020;1,
354;Andina;CUNDINAMARCA;Sasaima;25718;Baja;1.4;29.6;23;20/05/2020;1,
1048;Andina;CUNDINAMARCA;Sesquilé;25736;Baja;5.7;28.3;25;20/05/2020;1,
778;Andina;CUNDINAMARCA;Sibaté;25740;Baja;5.3;22.7;28;20/05/2020;1,
1056;Andina;CUNDINAMARCA;Silvania;25743;Baja;6.1;39.7;29;20/05/2020;1,
329;Andina;CUNDINAMARCA;Soacha;25754;Baja;5.6;24.3;28;20/05/2020;1,
22;Andina;CUNDINAMARCA;Subachoque;25769;Baja;3.6;20.5;24;20/05/2020;1,
762;Andina;CUNDINAMARCA;Suesca;25772;Baja;5.4;27.2;25;20/05/2020;1,
834;Andina;CUNDINAMARCA;Supatá;25777;Baja;2.9;36.4;26;20/05/2020;1,
390;Andina;CUNDINAMARCA;Sutatausa;25781;Baja;2.4;19.7;28;20/05/2020;1,
1088;Andina;CUNDINAMARCA;Tabio;25785;Baja;3.7;11.9;24;20/05/2020;1,
124;Andina;CUNDINAMARCA;Tausa;25793;Baja;2.9;21.1;29;20/05/2020;1,
86;Andina;CUNDINAMARCA;Tena;25797;Baja;4.1;27.1;29;20/05/2020;1,
645;Andina;CUNDINAMARCA;Tibacuy;25805;Baja;4.9;29.4;25;20/05/2020;1,
136;Andina;CUNDINAMARCA;Tocaima;25815;Baja;2.9;18.9;26;20/05/2020;1,
486;Andina;CUNDINAMARCA;Topaipí;25823;Baja;7.5;41.1;26;20/05/2020;1,
472;Andina;CUNDINAMARCA;Ubalá;25839;Baja;22.9;98.2;29;20/05/2020;1,
455;Andina;CUNDINAMARCA;Útica;25851;Baja;2.9;3.7;26;20/05/2020;1,
787;Andina;CUNDINAMARCA;Venecia;25506;Baja;7;32.5;28;20/05/2020;1,
721;Andina;CUNDINAMARCA;Vergara;25862;Baja;2.5;36.4;26;20/05/2020;1,
1110;Andina;CUNDINAMARCA;Vianí;25867;Baja;3.1;32.6;24;20/05/2020;1,
788;Andina;CUNDINAMARCA;Villagómez;25871;Baja;3.6;35.6;28;20/05/2020;1,
96;Andina;CUNDINAMARCA;Villapinzón;25873;Baja;1.6;12.7;27;20/05/2020;1,
567;Andina;CUNDINAMARCA;Villeta;25875;Baja;1;31.5;23;20/05/2020;1,
862;Andina;CUNDINAMARCA;Viotá;25878;Baja;5.1;27.7;27;20/05/2020;1,
418;Andina;CUNDINAMARCA;Yacopí;25885;Baja;17;56.3;27;20/05/2020;1,
939;Andina;CUNDINAMARCA;Zipacón;25898;Baja;2.5;13.8;27;20/05/2020;1,
1012;Andina;CUNDINAMARCA;Zipaquirá;25899;Baja;7.6;17.3;26;20/05/2020;1,
968;Caribe;CÓRDOBA;Montelíbano;23466;Baja;13.6;57.5;28;20/05/2020;1,
1105;Caribe;CÓRDOBA;Puerto Libertador;23580;Baja;13.4;53.6;27;20/05/2020;1,
881;Caribe;CÓRDOBA;San Jose De Ure;23682;Baja;9.6;46;27;20/05/2020;1,
131;Pacifico;CHOCÓ;Sipí;27745;Baja;17.4;53.1;30;20/05/2020;1,
429;Pacifico;CHOCÓ;Istmina;27361;Alta;46.3;138.2;30;20/05/2020;2,
1099;Pacifico;CHOCÓ;Nóvita;27491;Moderada;50.5;154.4;30;20/05/2020;2,
380;Pacifico;CHOCÓ;San José Del Palmar;27660;Moderada;24.7;96.7;30;20/05/2020;2,
17;Pacifico;CHOCÓ;Condoto;27205;Alta;70.7;213.5;30;20/05/2020;2,
585;Pacifico;CHOCÓ;Rio Iró (Santa Rita);27580;Alta;74.4;231.5;30;20/05/2020;2,
910;Pacifico;CHOCÓ;Medio Baudó(Boca De Pepé);27430;Alta;74.1;224.6;30;20/05/2020;2,
761;Pacifico;CHOCÓ;Tadó;27787;Alta;50.3;195.2;30;20/05/2020;2,
400;Pacifico;CHOCÓ;Cértegui;27160;Moderada;91.7;343.4;30;20/05/2020;2,
430;Pacifico;CHOCÓ;El Cantón Del San Pablo (Managrú);27135;Moderada;92;284;30;20/05/2020;2,
722;Pacifico;CHOCÓ;Bajo Baudó (Pizarro);27077;Alta;53.4;183.8;30;20/05/2020;2,
903;Pacifico;CHOCÓ;Bagadó;27073;Alta;34.7;171.4;30;20/05/2020;2,
150;Pacifico;CHOCÓ;Rio Quito (Paimadó);27600;Alta;73.9;301.4;30;20/05/2020;2,
525;Pacifico;CHOCÓ;Lloró;27413;Alta;53.4;247.1;30;20/05/2020;2,
1038;Pacifico;CHOCÓ;El Carmen;27245;Moderada;21.8;88;29;20/05/2020;2,
71;Pacifico;CHOCÓ;Nuquí;27495;Alta;52.8;177.4;30;20/05/2020;2,
466;Pacifico;CHOCÓ;Alto Baudó (Pie De Pato);27025;Alta;61.7;225.9;30;20/05/2020;2,
334;Pacifico;CHOCÓ;Medio Atrato (Beté);27425;Alta;49.7;190.6;30;20/05/2020;2,
452;Pacifico;CHOCÓ;Bahía Solano (Mutis);27075;Moderada;39.9;94.5;30;20/05/2020;2,
141;Pacifico;CHOCÓ;Quibdó;27001;Alta;51.1;206.8;30;20/05/2020;2,
44;Pacifico;CHOCÓ;Bojayá (Bellavista);27099;Moderada;46.1;116.5;30;20/05/2020;2,
970;Caribe;CESAR;Agustín Codazzi;20013;Baja;1.7;57.6;24;20/05/2020;1,
863;Caribe;CESAR;Curumaní;20228;Baja;0.3;86.3;23;20/05/2020;1,
626;Caribe;CESAR;El Copey;20238;Baja;8.4;63.3;24;20/05/2020;1,
236;Caribe;CESAR;La Gloria;20383;Baja;0.7;74.6;24;20/05/2020;1,
599;Caribe;CESAR;Pailitas;20517;Baja;0.2;54.5;23;20/05/2020;1,
52;Caribe;CESAR;Pelaya;20550;Baja;0.4;44.4;24;20/05/2020;1,
294;Caribe;CESAR;Valledupar;20001;Baja;3.7;48.3;24;20/05/2020;1,
NA;Caribe;CESAR;Pueblo Bello;20570;Moderada;72;91.2;25;20/05/2020;2,
106;Pacifico;CAUCA;Argelia;19050;Moderada;14.9;79.9;29;20/05/2020;2,
860;Pacifico;CAUCA;Bolívar;19100;Baja;7.3;48.1;29;20/05/2020;1,
726;Pacifico;CAUCA;Buenos Aires;19110;Baja;15.2;54.5;28;20/05/2020;1,
61;Pacifico;CAUCA;Caldono;19137;Baja;7.9;53.6;28;20/05/2020;1,
422;Pacifico;CAUCA;Corinto;19212;Baja;14.1;32.8;25;20/05/2020;1,
137;Pacifico;CAUCA;El Tambo;19256;Alta;14.3;83.1;30;20/05/2020;2,
130;Pacifico;CAUCA;Guapi;19318;Moderada;33.3;200;30;20/05/2020;2,
575;Pacifico;CAUCA;Inzá;19355;Baja;3.9;51.7;29;20/05/2020;1,
203;Pacifico;CAUCA;Jambaló;19364;Baja;12.8;51.2;28;20/05/2020;1,
370;Pacifico;CAUCA;La Sierra;19392;Baja;12;70.5;30;20/05/2020;1,
783;Pacifico;CAUCA;La Vega;19397;Baja;6.5;57;30;20/05/2020;1,
395;Pacifico;CAUCA;López;19418;Alta;70;189.8;29;20/05/2020;2,
37;Pacifico;CAUCA;Miranda;19455;Baja;8.4;23.3;26;20/05/2020;1,
791;Pacifico;CAUCA;Páez (Belalcázar);19517;Baja;7.3;61.1;28;20/05/2020;1,
260;Pacifico;CAUCA;Piamonte;19533;Moderada;18.9;151.9;28;20/05/2020;2,
409;Pacifico;CAUCA;Piendamó;19548;Baja;7.1;59.6;28;20/05/2020;1,
785;Pacifico;CAUCA;Popayán;19001;Baja;5.7;56.9;29;20/05/2020;1,
387;Pacifico;CAUCA;Rosas;19622;Baja;8.9;68.7;30;20/05/2020;1,
746;Pacifico;CAUCA;Santa Rosa;19701;Alta;13.4;95.3;29;20/05/2020;2,
152;Pacifico;CAUCA;Santander De Quilichao;19698;Baja;14.3;48.8;28;20/05/2020;1,
724;Pacifico;CAUCA;Silvia;19743;Baja;5.9;52.9;28;20/05/2020;1,
134;Pacifico;CAUCA;Sotará (Paispamba);19760;Baja;5.1;57.9;30;20/05/2020;1,
892;Pacifico;CAUCA;Suárez;19780;Baja;28;51.7;28;20/05/2020;1,
840;Pacifico;CAUCA;Timbiquí;19809;Alta;33.6;253.7;30;20/05/2020;2,
558;Pacifico;CAUCA;Toribío;19821;Baja;22.9;52;28;20/05/2020;1,
287;Pacifico;CAUCA;Totoró;19824;Baja;4.1;49.2;29;20/05/2020;1,
185;Orinoquia;CASANARE;Aguazul;85010;Moderada;6.3;103.6;29;20/05/2020;2,
446;Orinoquia;CASANARE;Chámeza;85015;Baja;4.5;99.8;28;20/05/2020;1,
976;Orinoquia;CASANARE;Hato Corozal;85125;Baja;7.1;54.5;29;20/05/2020;1,
33;Orinoquia;CASANARE;La Salina;85136;Baja;1.2;17.5;25;20/05/2020;1,
210;Orinoquia;CASANARE;Monterrey;85162;Moderada;11.1;108.7;29;20/05/2020;2,
506;Orinoquia;CASANARE;Nunchía;85225;Baja;9.8;77.1;28;20/05/2020;1,
986;Orinoquia;CASANARE;Paz De Ariporo;85250;Baja;6.7;66.6;29;20/05/2020;1,
734;Orinoquia;CASANARE;Pore;85263;Baja;4.7;58.9;28;20/05/2020;1,
416;Orinoquia;CASANARE;Recetor;85279;Baja;4.1;87;28;20/05/2020;1,
907;Orinoquia;CASANARE;Sabanalarga;85300;Moderada;12.8;133.8;28;20/05/2020;2,
1034;Orinoquia;CASANARE;Támara;85400;Baja;2.4;49.6;28;20/05/2020;1,
383;Orinoquia;CASANARE;Tauramena;85410;Baja;15.5;103.3;29;20/05/2020;1,
797;Orinoquia;CASANARE;Yopal;85001;Moderada;71;112.5;28;20/05/2020;2,
568;Amazonia;CAQUETÁ;San José Del Fragua;18610;Moderada;15.6;130.1;27;20/05/2020;2,
127;Amazonia;CAQUETÁ;Belén De Los Andaquíes;18094;Moderada;8.6;90.5;28;20/05/2020;2,
521;Amazonia;CAQUETÁ;Morelia;18479;Baja;7.1;132.3;28;20/05/2020;1,
1047;Amazonia;CAQUETÁ;El Paujil;18256;Baja;7.1;94;29;20/05/2020;1,
563;Amazonia;CAQUETÁ;Montañita;18410;Moderada;6.1;112.6;29;20/05/2020;2,
426;Amazonia;CAQUETÁ;Florencia;18001;Moderada;5.9;72.7;28;20/05/2020;2,
497;Amazonia;CAQUETÁ;Puerto Rico;18592;Baja;7.6;53.2;28;20/05/2020;1,
906;Andina;CALDAS;Aguadas;17013;Baja;11.5;69.8;28;20/05/2020;1,
839;Andina;CALDAS;Chinchiná;17174;Baja;16.6;64.2;29;20/05/2020;1,
247;Andina;CALDAS;Filadelfia;17272;Baja;8.6;62.3;29;20/05/2020;1,
807;Andina;CALDAS;La Merced;17388;Baja;8.1;66.2;28;20/05/2020;1,
999;Andina;CALDAS;Manizales;17001;Baja;8.9;55.1;29;20/05/2020;1,
180;Andina;CALDAS;Manzanares;17433;Baja;13.3;51.8;26;20/05/2020;1,
173;Andina;CALDAS;Marmato;17442;Baja;9.1;65.8;28;20/05/2020;1,
188;Andina;CALDAS;Marquetalia;17444;Baja;20.2;49.7;25;20/05/2020;1,
1039;Andina;CALDAS;Marulanda;17446;Baja;13.9;55.2;26;20/05/2020;1,
205;Andina;CALDAS;Neira;17486;Baja;9.2;55.3;29;20/05/2020;1,
689;Andina;CALDAS;Pácora;17513;Baja;14.2;87.8;28;20/05/2020;1,
764;Andina;CALDAS;Pensilvania;17541;Baja;20.1;53.5;25;20/05/2020;1,
996;Andina;CALDAS;Salamina;17653;Baja;11.1;67;27;20/05/2020;1,
529;Andina;CALDAS;Samaná;17662;Moderada;98;96;26;20/05/2020;2,
283;Andina;CALDAS;Supia;17777;Baja;8.4;64.8;28;20/05/2020;1,
151;Andina;CALDAS;Victoria;17867;Baja;29.8;62.1;24;20/05/2020;1,
1018;Andina;CALDAS;Villamaria;17873;Baja;6.6;50.1;28;20/05/2020;1,
911;Andina;BOYACÁ;Chivor;15236;Baja;14.1;79.3;28;20/05/2020;1,
74;Andina;BOYACÁ;San Luis De Gaceno;15667;Baja;20.8;110.9;28;20/05/2020;1,
113;Andina;BOYACÁ;Almeida;15022;Baja;10;69.6;28;20/05/2020;1,
145;Andina;BOYACÁ;Santa María;15690;Baja;16.8;96.4;28;20/05/2020;1,
641;Andina;BOYACÁ;Macanal;15425;Baja;7.7;71.7;28;20/05/2020;1,
254;Andina;BOYACÁ;Garagoa;15299;Baja;5;52.4;28;20/05/2020;1,
163;Andina;BOYACÁ;Campohermoso;15135;Baja;7;98;28;20/05/2020;1,
922;Andina;BOYACÁ;Pachavita;15511;Baja;3.4;33.9;27;20/05/2020;1,
795;Andina;BOYACÁ;Páez;15514;Baja;8.5;86.5;28;20/05/2020;1,
948;Andina;BOYACÁ;San Eduardo;15660;Baja;3;51.7;28;20/05/2020;1,
743;Andina;BOYACÁ;Miraflores;15455;Baja;3.7;55.7;28;20/05/2020;1,
1071;Andina;BOYACÁ;Úmbita;15842;Baja;3;28.5;27;20/05/2020;1,
1100;Andina;BOYACÁ;Chinavita;15172;Baja;3.3;34.2;27;20/05/2020;1,
404;Andina;BOYACÁ;Turmequé;15835;Baja;1.3;17.4;27;20/05/2020;1,
550;Andina;BOYACÁ;Tibaná;15804;Baja;0.6;27.4;27;20/05/2020;1,
282;Andina;BOYACÁ;Ventaquemada;15861;Baja;1.5;14.6;26;20/05/2020;1,
730;Andina;BOYACÁ;Pajarito;15518;Moderada;3.5;86.3;28;20/05/2020;2,
92;Andina;BOYACÁ;Pesca;15542;Baja;1.3;26.7;26;20/05/2020;1,
1115;Andina;BOYACÁ;Rondón;15621;Baja;3.9;44.9;27;20/05/2020;1,
128;Andina;BOYACÁ;Coper;15212;Moderada;4.8;48.1;27;20/05/2020;2,
293;Andina;BOYACÁ;Buenavista;15109;Baja;6.2;65.2;27;20/05/2020;1,
1063;Andina;BOYACÁ;La Victoria;15401;Baja;17.3;61.2;26;20/05/2020;1,
454;Andina;BOYACÁ;Aquitania;15047;Baja;1.5;42.6;27;20/05/2020;1,
902;Andina;BOYACÁ;Maripí;15442;Moderada;6.6;41.4;26;20/05/2020;2,
39;Andina;BOYACÁ;Muzo;15480;Moderada;9.3;98.6;26;20/05/2020;2,
908;Andina;BOYACÁ;Quípama;15580;Moderada;18.3;61.3;26;20/05/2020;2,
269;Andina;BOYACÁ;Labranzagrande;15377;Moderada;2;76.9;27;20/05/2020;2,
805;Andina;BOYACÁ;Paya;15533;Baja;5.5;84.8;28;20/05/2020;1,
932;Andina;BOYACÁ;San Pablo De Borbur;15681;Baja;9.2;44.2;27;20/05/2020;1,
10;Andina;BOYACÁ;Mongua;15464;Baja;0.9;36.6;26;20/05/2020;1,
223;Andina;BOYACÁ;Saboyá;15632;Baja;4.6;21.3;27;20/05/2020;1,
542;Andina;BOYACÁ;Otanche;15507;Baja;12.2;56.6;27;20/05/2020;1,
93;Andina;BOYACÁ;Pisba;15550;Baja;2.5;56.6;27;20/05/2020;1,
318;Andina;BOYACÁ;Pauna;15531;Baja;7.6;36.2;27;20/05/2020;1,
18;Andina;BOYACÁ;Tópaga;15820;Baja;0.2;14.1;22;20/05/2020;1,
132;Andina;BOYACÁ;Gámeza;15296;Baja;0.3;16.9;24;20/05/2020;1,
1114;Andina;BOYACÁ;Corrales;15215;Baja;0.2;17.2;23;20/05/2020;1,
1066;Andina;BOYACÁ;Moniquirá;15469;Baja;5.2;36.1;27;20/05/2020;1,
723;Andina;BOYACÁ;Socotá;15755;Baja;2.7;19.7;26;20/05/2020;1,
663;Andina;BOYACÁ;Betéitiva;15092;Baja;0.2;23.3;25;20/05/2020;1,
63;Andina;BOYACÁ;Tasco;15790;Baja;0.4;18.7;24;20/05/2020;1,
1112;Andina;BOYACÁ;Paz De Rio;15537;Baja;1.4;14.7;27;20/05/2020;1,
874;Andina;BOYACÁ;San José De Pare;15664;Baja;13;72.7;28;20/05/2020;1,
411;Andina;BOYACÁ;Puerto Boyacá;15572;Baja;28.3;66.8;28;20/05/2020;1,
930;Andina;BOYACÁ;Socha;15757;Baja;1.2;7.7;25;20/05/2020;1,
1019;Andina;BOYACÁ;Santana;15686;Baja;20.4;104.4;28;20/05/2020;1,
398;Andina;BOYACÁ;Chita;15183;Baja;2.9;21.1;26;20/05/2020;1,
1116;Andina;BOYACÁ;Susacón;15774;Baja;1.4;17.7;29;20/05/2020;1,
343;Andina;BOYACÁ;La Uvita;15403;Baja;0.8;14.5;28;20/05/2020;1,
1074;Andina;BOYACÁ;Boavita;15097;Baja;1.1;15.2;29;20/05/2020;1,
946;Andina;BOYACÁ;Soatá;15753;Baja;1.6;14.2;29;20/05/2020;1,
228;Andina;BOYACÁ;San Mateo;15673;Baja;1.1;13.9;28;20/05/2020;1,
480;Andina;BOYACÁ;Panqueba;15522;Baja;0.8;15;27;20/05/2020;1,
139;Andina;BOYACÁ;Covarachía;15218;Baja;2.9;22.7;28;20/05/2020;1,
495;Andina;BOYACÁ;El Espino;15248;Baja;1.2;20.6;27;20/05/2020;1,
95;Andina;BOYACÁ;Guicán;15332;Baja;2.6;29.4;26;20/05/2020;1,
88;Caribe;BOLÍVAR;Cantagallo;13160;Baja;28.2;107.1;27;20/05/2020;1,
768;Caribe;BOLÍVAR;San Pablo;13670;Moderada;31.8;109.5;28;20/05/2020;2,
676;Caribe;BOLÍVAR;Arenal;13042;Baja;22.5;76;24;20/05/2020;1,
1092;Caribe;BOLÍVAR;Rioviejo;13600;Moderada;10.3;55.2;24;20/05/2020;2,
765;Caribe;BOLÍVAR;San Jacinto Del Cauca;13655;Alta;66.4;147.9;24;20/05/2020;2,
1104;Caribe;BOLÍVAR;Montecristo;13458;Alta;47.1;114.7;25;20/05/2020;2,
634;Caribe;BOLÍVAR;Norosi;13490;Baja;20.6;74.7;23;20/05/2020;1,
67;Caribe;BOLÍVAR;Achí;13006;Alta;72.4;143.4;22;20/05/2020;2,
302;Caribe;BOLÍVAR;Tiquisio (Puerto Rico);13810;Alta;46.1;117;23;20/05/2020;2,
372;Orinoquia;ARAUCA;Tame;81794;Baja;7.4;38.2;27;20/05/2020;1,
718;Andina;ANTIOQUIA;Abejorral;5002;Baja;7.3;42.9;28;20/05/2020;1,
918;Andina;ANTIOQUIA;Abriaquí;5004;Baja;25.8;94.1;26;20/05/2020;1,
179;Andina;ANTIOQUIA;Amagá;5030;Baja;6.5;34;27;20/05/2020;1,
648;Andina;ANTIOQUIA;Amalfi;5031;Baja;22.9;50.6;29;20/05/2020;1,
650;Andina;ANTIOQUIA;Andes;5034;Baja;9.9;74;30;20/05/2020;1,
945;Andina;ANTIOQUIA;Angelópolis;5036;Baja;9.3;31.6;28;20/05/2020;1,
817;Andina;ANTIOQUIA;Angostura;5038;Moderada;104;95.6;29;20/05/2020;2,
693;Andina;ANTIOQUIA;Anorí;5040;Muy Alta;26.8;57.7;28;20/05/2020;3,
187;Andina;ANTIOQUIA;Argelia;5055;Baja;23.9;79.2;27;20/05/2020;1,
687;Andina;ANTIOQUIA;Armenia;5059;Baja;10.5;29.9;27;20/05/2020;1,
489;Andina;ANTIOQUIA;Belmira;5086;Baja;8;19.7;26;20/05/2020;1,
337;Andina;ANTIOQUIA;Betulia;5093;Baja;12.4;34.4;28;20/05/2020;1,
443;Andina;ANTIOQUIA;Briceño;5107;Baja;26.9;52.4;28;20/05/2020;1,
289;Andina;ANTIOQUIA;Buriticá;5113;Baja;15.8;33.6;26;20/05/2020;1,
536;Andina;ANTIOQUIA;Cáceres;5120;Baja;9.5;52.4;28;20/05/2020;1,
571;Andina;ANTIOQUIA;Caicedo;5125;Baja;11.3;34.1;24;20/05/2020;1,
629;Andina;ANTIOQUIA;Caldas;5129;Baja;7.2;27.9;28;20/05/2020;1,
392;Andina;ANTIOQUIA;Campamento;5134;Baja;40.7;73;29;20/05/2020;1,
601;Andina;ANTIOQUIA;Cañasgordas;5138;Baja;20.9;49.7;27;20/05/2020;1,
640;Andina;ANTIOQUIA;Caracolí;5142;Baja;25.8;84.7;30;20/05/2020;1,
548;Andina;ANTIOQUIA;Caramanta;5145;Baja;7.3;56.9;28;20/05/2020;1,
156;Andina;ANTIOQUIA;Carmen De Viboral;5148;Baja;17;60.9;28;20/05/2020;1,
70;Andina;ANTIOQUIA;Carolina;5150;Baja;43.4;90.6;28;20/05/2020;1,
1009;Andina;ANTIOQUIA;Cisneros;5190;Baja;48.4;106.7;29;20/05/2020;1,
102;Andina;ANTIOQUIA;Ciudad Bolívar;5101;Baja;7.4;51.7;27;20/05/2020;1,
273;Andina;ANTIOQUIA;Cocorná;5197;Moderada;16.3;98.9;28;20/05/2020;2,
624;Andina;ANTIOQUIA;Concordia;5209;Baja;15;64.6;28;20/05/2020;1,
725;Andina;ANTIOQUIA;Dabeiba;5234;Baja;30.3;69.6;27;20/05/2020;1,
613;Andina;ANTIOQUIA;Ebéjico;5240;Baja;7.5;15;26;20/05/2020;1,
943;Andina;ANTIOQUIA;Fredonia;5282;Baja;5.2;32.3;27;20/05/2020;1,
105;Andina;ANTIOQUIA;Frontino;5284;Baja;29.3;79.7;26;20/05/2020;1,
76;Andina;ANTIOQUIA;Giraldo;5306;Baja;18.7;57.7;25;20/05/2020;1,
160;Andina;ANTIOQUIA;Granada;5313;Moderada;18.8;76.3;27;20/05/2020;2,
500;Andina;ANTIOQUIA;Guadalupe;5315;Moderada;39.3;71.6;29;20/05/2020;2,
229;Andina;ANTIOQUIA;Heliconia;5347;Baja;7.7;22.4;27;20/05/2020;1,
48;Andina;ANTIOQUIA;Ituango;5361;Baja;25.5;55.7;27;20/05/2020;1,
900;Andina;ANTIOQUIA;La Unión;5400;Baja;13.6;52.2;28;20/05/2020;1,
465;Andina;ANTIOQUIA;Maceo;5425;Baja;23.4;81.7;30;20/05/2020;1,
837;Andina;ANTIOQUIA;Medellín;5001;Baja;6.8;20.6;27;20/05/2020;1,
1086;Andina;ANTIOQUIA;Montebello;5467;Baja;7.8;37.3;28;20/05/2020;1,
501;Andina;ANTIOQUIA;Nariño;5483;Baja;23.6;71;27;20/05/2020;1,
55;Andina;ANTIOQUIA;Olaya;5501;Baja;8.2;12;25;20/05/2020;1,
926;Andina;ANTIOQUIA;Puerto Berrío;5579;Baja;24;75.8;30;20/05/2020;1,
1014;Andina;ANTIOQUIA;Puerto Nare;5585;Baja;24.8;71.5;29;20/05/2020;1,
57;Andina;ANTIOQUIA;Puerto Triunfo;5591;Baja;36.3;71.5;28;20/05/2020;1,
632;Andina;ANTIOQUIA;Remedios;5604;Baja;28.7;81.5;28;20/05/2020;1,
209;Andina;ANTIOQUIA;Sabanalarga;5628;Baja;14;29.4;27;20/05/2020;1,
125;Andina;ANTIOQUIA;Salgar;5642;Baja;7.8;55;28;20/05/2020;1,
384;Andina;ANTIOQUIA;San Carlos;5649;Baja;26.7;80.1;28;20/05/2020;1,
972;Andina;ANTIOQUIA;San Francisco;5652;Moderada;21.7;92.5;28;20/05/2020;2,
265;Andina;ANTIOQUIA;San Jerónimo;5656;Baja;4.5;11.3;23;20/05/2020;1,
915;Andina;ANTIOQUIA;San Luis;5660;Moderada;22.8;85.8;28;20/05/2020;2,
238;Andina;ANTIOQUIA;San Pedro De Los Milagros;5664;Baja;5.2;16.8;24;20/05/2020;1,
705;Andina;ANTIOQUIA;San Roque;5670;Moderada;80;106.2;29;20/05/2020;2,
952;Andina;ANTIOQUIA;Santa Bárbara;5679;Baja;5.7;32.6;28;20/05/2020;1,
1075;Andina;ANTIOQUIA;Santa Fe De Antioquia;5042;Baja;11.3;31.3;25;20/05/2020;1,
226;Andina;ANTIOQUIA;Santo Domingo;5690;Moderada;28.7;81.4;28;20/05/2020;2,
665;Andina;ANTIOQUIA;Segovia;5736;Baja;31.7;82.5;28;20/05/2020;1,
1081;Andina;ANTIOQUIA;Sonsón;5756;Moderada;100;76.6;28;20/05/2020;2,
332;Andina;ANTIOQUIA;Sopetrán;5761;Baja;5.1;14.8;25;20/05/2020;1,
434;Andina;ANTIOQUIA;Tarazá;5790;Baja;14.4;42.7;28;20/05/2020;1,
340;Andina;ANTIOQUIA;Titiribí;5809;Baja;16.2;54.8;27;20/05/2020;1,
828;Andina;ANTIOQUIA;Toledo;5819;Baja;17.5;32.9;27;20/05/2020;1,
1065;Andina;ANTIOQUIA;Uramita;5842;Baja;29.9;77.7;28;20/05/2020;1,
166;Andina;ANTIOQUIA;Urrao;5847;Baja;20.1;57.4;26;20/05/2020;1,
330;Andina;ANTIOQUIA;Valdivia;5854;Baja;22.2;49.8;27;20/05/2020;1,
172;Andina;ANTIOQUIA;Venecia;5861;Baja;7.5;54.9;27;20/05/2020;1,
732;Andina;ANTIOQUIA;Vigia Del Fuerte;5873;Baja;40.5;110.2;30;20/05/2020;1,
990;Andina;ANTIOQUIA;Yalí;5885;Baja;31;81.7;30;20/05/2020;1,
658;Andina;ANTIOQUIA;Yarumal;5887;Baja;25;52.1;28;20/05/2020;1,
348;Andina;ANTIOQUIA;Yolombó;5890;Moderada;31.3;82.1;30;20/05/2020;2,
110;Andina;ANTIOQUIA;Zaragoza;5895;Baja;20.4;65;28;20/05/2020;1,
NA;Andina;SANTANDER;Barrancabermeja;68081;Moderada;79;NA;60,3;19/05/2020;2
796;Andina;NORTE DE SANTANDER;Villa Caro;54871;Baja;1.6;50.5;23;20/05/2020;1,
NA;Caribe;LA GUAJIRA;Barrancas;44078;Baja;85;NA;45;19/05/2020;1,
;Andina;ANTIOQUIA;SAN ANDRÉS DE CUERQUÍA;5647;Moderada;;82.1;30;20/05/2020;2,
